mcc,acc,loss
-0.0425901125479028,0.5533980582524272,0.6986906
