mcc,acc,loss
-0.0039017840108671927,0.5830815709969789,0.6753882
