mcc,acc,loss
0.14525450590521136,0.6180904522613065,0.6607709
